"name","title"
"Article_1","Japan's Nikkei 225 stock index up 5.5% as world markets gyrate under tariffs uncertainty"
"Article_2","The IBEX finds little reason to rebound as tariff panic persists"
"Article_3","US President threatens China with up to 50 percent tariffs"
"Article_4","After long break, Indonesian markets feel whiplash of tariffs"
"Article_5","Kern County almond growers should brace for potential tariff impacts"
"Article_6","Samsung Q1 profit outperforms on chip stockpiling, smartphone demand ahead of US tariff threats"
"Article_7","Richmond business leader feeling tariff impact: 'We raised our prices today'"
"Article_8","Myanmar garment manufacturers warn US tariffs imperil quake recovery"
"Article_9","Tata Motors shares hit tariff bump, slip 20% from March high; what's next?"
"Article_10","White House denies 90-day tariff pause: Report"
"Article_11","This country bows down in front of US, offers to end tariffs, tough competition with India, country is...."
"Article_12","China pledges to combat US tariffs 'to the very end'"
"Article_13","Myanmar garment manufacturers warn US tariffs imperil quake recovery"
"Article_14","US stocks tumble again following tariff threats"
"Article_15","Int'l cooperation key to tackling new US tariffs "
"Article_16","Austin coffee shops prepare for tariffs' impact"
"Article_17","US tariff hikes destabilise global economy: Kremlin"
"Article_18","China's frequent military drills spark concerns in Taiwan of real attack with little time to respond"
"Article_19","Jackpot for China, discovers oil reserves of more than 100 million tonnes in..., big threat for India due to..."
"Article_20","China's J-50 blasts by US in race for sixth-gen dominance"
"Article_21","Porsche Q1 deliveries fall 8% on weaker demand in China and Europe"
"Article_22","How China's Appetites Echo Around The World"
"Article_23","India overhauls teaching in Himalayan Buddhist monasteries to counter China"
"Article_24","China agricultural stocks surge amid escalating trade war with US"
"Article_25","'Ignorant, impolite': China slams US VP JD Vance over 'peasants' remark"
"Article_26","Xinhua Silk Road: China's Shaangu Group shines at Hannover Messe 2025"
"Article_27","'China's hidden power': How Beijing could weaponize the Yuan in a trade war"
"Article_28","NATO chief says China military expansion 'staggering'"
"Article_29","Amid rising threat from China, Bangladesh, Modi govt makes big move, deploys Rafales, S-400s at..."
"Article_30","Taiwan accuses China of using generative AI to divide nation"
"Article_31","Taiwan says China using generative AI to ramp up disinformation and 'divide' the island"
